source,author,title,description,url,urlToImage,publishedAt,content
"{'id': None, 'name': 'Variety'}",Jem Aswad,"In the Pink: Super-Producer Mark Ronson on Making the Music for ‘Barbie,’ and How Dua Lipa’s Song Changed to Fit the Film","Whether it’s a soundtrack, a score or a song placement, there are countless wrong ways to do music for film and so few ways to make it feel right. There’s very little leeway, which is why it can be so challenging for even the most successful hitmakers to make…",https://variety.com/2023/music/news/mark-ronson-music-barbie-dua-lipa-1235810300/,https://variety.com/wp-content/uploads/2019/10/youtube-how-to-be-mark-ronson.png?w=1000&h=563&crop=1,2023-11-28T18:00:00Z,"Whether it’s a soundtrack, a score or a song placement, there are countless wrong ways to do music for film and so few ways to make it feel right. There’s very little leeway, which is why it can be s… [+7873 chars]"
"{'id': 'the-times-of-india', 'name': 'The Times of India'}",The Feed,Barbie movie sequel: Margot Robbie reveals details about Barbie 2,'Barbie' movie that broke all the box office records is still quite fresh in the minds of its fans. The movie directed by Greta Gerwig saw fans going to watch the movie in pink dress. The huge success of the movie has left fans asking for more.,https://economictimes.indiatimes.com/news/international/us/barbie-movie-sequel-margot-robbie-reveals-details-about-barbie-2/articleshow/105568728.cms,"https://img.etimg.com/thumb/msid-105568773,width-1200,height-630,imgsize-116346,overlay-economictimes/photo.jpg",2023-11-28T14:20:23Z,"For all those Barbie fans, who are desperately waiting for another installment of the blockbuster hit, it seems that a sequel or a prequel is less likely. However, the film's director, Greta Gerwig's… [+2062 chars]"
"{'id': None, 'name': 'Zacjohnson.com'}",Zac Johnson,Issa Rae Net Worth – How Much is Rae Worth?,"Issa Rae is a multi-talented American actress, comedian, writer, producer, and director. With her impressive body of work, she has established herself as a prominent figure in the entertainment industry. But how much is Issa Rae actually worth? According to C…",https://zacjohnson.com/issa-rae-net-worth/,https://zacjohnson.com/wp-content/uploads/2023/11/issa-rae-net-worth.jpg,2023-11-28T07:05:19Z,"Issa Rae is a multi-talented American actress, comedian, writer, producer, and director. With her impressive body of work, she has established herself as a prominent figure in the entertainment indus… [+12055 chars]"
"{'id': None, 'name': 'Dark Horizons'}",Garth Franklin,"Colman, Fennell Have Bond & Jurassic Dreams","Whilst we don’t seem any closer to the casting of a new James Bond as we were a few years ago, one Oscar-winning actress has enthusiastically put their hand up for one of the film’s key supporting roles. In a new interview with British Vogue, “Broadchurch” an…",https://www.darkhorizons.com/colman-fennell-have-bond-jurassic-dreams/,https://cdndark.darkhorizons.com/wp-content/uploads/2023/11/colman-fennell-have-bond-jurassic-dreams.jpg,2023-11-27T23:09:26Z,"Whilst we don’t seem any closer to the casting of a new James Bond as we were a few years ago, one Oscar-winning actress has enthusiastically put their hand up for one of the film’s key supporting ro… [+1785 chars]"
"{'id': None, 'name': 'Forbes'}","Beth Bernstein, Contributor, 
 Beth Bernstein, Contributor
 https://www.forbes.com/sites/bethbernstein/",The Barbicore Trend Continues,"If you have any questions whether the Barbicore trend is continuing, you just need to look to the Academy Awards predictions for Greta Gerwig’s Barbie film, Assouline’s new oversized coffee table book and our present in which vibrant pink speaks to our need f…",https://www.forbes.com/sites/bethbernstein/2023/11/27/the-barbicore-trend-continues/,"https://imageio.forbes.com/specials-images/imageserve/6564de7780b438b819273f4e/0x0.jpg?format=jpg&crop=2366,1331,x205,y243,safe&height=900&width=1600&fit=bounds",2023-11-27T18:29:35Z,"Margot Robbie on the film set of Barbie
Margot Robbie on set 
Warner Bros. Pictures
Margot Robbie attends the press junket and photo call for ""Barbie"" at Four Seasons Hotel Los Angeles at Beverly … [+8224 chars]"
"{'id': 'techradar', 'name': 'TechRadar'}",tom.power@futurenet.com (Tom Power),Margot Robbie might have crushed your Barbie sequel dreams: 'I can't imagine what would be next',Barbie's lead star has suggested there are no plans for a follow-up to 2023's highest-grossing movie.,https://www.techradar.com/streaming/entertainment/margot-robbie-might-have-crushed-your-barbie-sequel-dreams-i-cant-imagine-what-would-be-next,https://cdn.mos.cms.futurecdn.net/NSxmFHyEvV4siT6WFZLcKa-1200-80.jpg,2023-11-27T10:49:04Z,"Margot Robbie has seemingly crushed our Barbie-based hopes by suggesting there are no plans to make a sequel.
Speaking to The Associated Press (see the X post below), Robbie confirmed the megahit fi… [+3711 chars]"
"{'id': None, 'name': 'Bleeding Cool News'}",Aedan Juvet,"Margot Robbie Says Greta Gerwig ""Changed the Game"" with Barbie","Barbie has already earned more than a billion dollars globally, and it's pretty clear that it is one of the most significant pop culture entries in recent years for its accessibility to audiences of all ages. So obviously, there's a lot to celebrate. Now, dur…",https://bleedingcool.com/movies/margot-robbie-says-greta-gerwig-changed-the-game-with-barbie/,https://bleedingcool.com/wp-content/uploads/2023/05/rev-1-BAR-TT3-0093_High_Res_JPEG-2000x1125.jpeg,2023-11-20T17:33:08Z,"Posted in: Movies, Warner Bros | Tagged: barbie, film, greta gerwig, margot robbie, Warner Bros
Margot Robbie is opening up about her respect for Greta Gerwig and how the filmmaker ""changed the game… [+2779 chars]"
"{'id': None, 'name': 'Screen Rant'}",Lynn Sharpe,Greta Gerwig's Next Movie Is More Exciting Than Barbie 2,"Barbie dominated the box office this summer, but Greta Gerwig's next project is a much better move than a Barbie sequel for the moment.",https://screenrant.com/greta-gerwig-chronicles-of-narnia-movie-barbie-2-better/,https://static1.srcdn.com/wordpress/wp-content/uploads/2023/08/greta-gerwig-on-the-barbie-set-with-ryan-gosling.jpg,2023-11-18T16:40:15Z,"Summary
<ul><li> Greta Gerwig's next project, The Chronicles of Narnia, is a better move for her than Barbie 2 right now, allowing her time to decompress from the Barbie frenzy. </li><li> Gerwig's s… [+4863 chars]"
"{'id': None, 'name': 'TODAY'}",Samantha Kubota,Billie Eilish tears up talking about how it's 'hard to be a woman',Billie Eilish opened up during a tender speech at Variety's Power of Women event celebrating women in Hollywood about what it means to her.,https://www.today.com/popculture/awards/billie-eilish-tears-tender-speech-variety-power-women-event-rcna125647,"https://media-cldnry.s-nbcnews.com/image/upload/t_social_share_1200x630_center,f_auto,q_auto:best/rockcms/2023-11/billie-Eilish-tears-today-sk-231117-2451ad.jpg",2023-11-17T08:24:09Z,"Billie Eilish opened up during a tender speech at an event celebrating women in Hollywood about what it means to her to be a woman in this day and age.
Eilish was honored on Thursday evening at Vari… [+3889 chars]"
"{'id': None, 'name': 'CBR - Comic Book Resources'}",Dana da Silva,The Curse Uses Satire to Shine a Light On Economical Issues,Emma Stone and Nathan Fielder's The Curse brings uncomfortable humor to the forefront. But its greatest strength lies in its messages.,https://www.cbr.com/curse-a24-satire-message/,https://static1.cbrimages.com/wordpress/wp-content/uploads/2023/11/asher-and-whitney-siegel-conduct-an-interview-with-a-local-resident-in-a24-s-the-curse.jpg,2023-11-16T16:00:18Z,"Summary
<ul><li> The Curse addresses various themes including the exploitation of marginalized communities. </li><li> The series utilizes the lens of the white savior complex to question philanthrop… [+9258 chars]"
"{'id': None, 'name': 'Japan Today'}",,"2024 Grammy nomination snubs and surprises: No K-pop, little country and regional Mexican music","With new categories, SZA, and “Barbie” — there's a lot to discuss regarding the 2024 Grammy Award nominations. Who didn't make the cut? What were the best surprises of all? Let's take a look. There's a lot to love about the nominations for the 66th Grammy Awa…",https://japantoday.com/category/entertainment/2024-grammy-nomination-snubs-and-surprises-no-k-pop-little-country-and-regional-mexican-music,,2023-11-10T21:31:21Z,"With new categories, SZA, and Barbie there's a lot to discuss regarding the 2024 Grammy Award nominations. Who didn't make the cut? What were the best surprises of all? Let's take a look.
There's a … [+5749 chars]"
"{'id': None, 'name': 'WWD'}",Kristopher Fraser,Taylor Swift Goes Barbiecore in Pink Versace ‘Lovers’ Outfit for Eras Tour in Buenos Aires,"After a hiatus, Swift resumed the Eras Tour — in Versace.",https://wwd.com/pop-culture/celebrity-news/taylor-swift-lovers-outfit-versace-eras-tour-buenos-aires-1235922857/,https://wwd.com/wp-content/uploads/2023/11/Taylor-Swift.jpg?w=1024,2023-11-10T19:03:29Z,"Taylor Swift went full Barbiecore for her Eras Tour on Thursday in Buenos Aires in sparkling pink Versace.
For her “Lovers” set, her looks included a crystal-embroidered bustier bodysuit with paille… [+1023 chars]"
"{'id': 'abc-news', 'name': 'ABC News'}",MARIA SHERMAN AP music writer,"2024 Grammy nomination snubs and surprises: No K-pop, little country and regional Mexican music","With new categories, “Barbie” and SZA — there’s a lot to discuss regarding the 2024 Grammy Award nominations",https://abcnews.go.com/Entertainment/wireStory/2024-grammy-nomination-snubs-surprises-pop-country-regional-104796254,https://i.abcnewsfe.com/a/aa306ca9-e07d-4568-bee2-386e610c6232/wirestory_7e89e9483f2070056848c5c6b337fa1a_16x9.jpg?w=992,2023-11-10T18:54:30Z,"LOS ANGELES -- With new categories, SZA, and Barbie there's a lot to discuss regarding the 2024 Grammy Award nominations. Who didn't make the cut? What were the best surprises of all? Let's take a lo… [+5605 chars]"
"{'id': None, 'name': '[Removed]'}",,[Removed],[Removed],https://removed.com,,1970-01-01T00:00:00Z,[Removed]
"{'id': None, 'name': 'Anime News Network'}",,"Nintendo, Sony Develop Live-Action Zelda Film With Maze Runner Director Wes Ball",Franchise co-creator Shigeru Miyamoto will produce the film,https://www.animenewsnetwork.com/news/2023-11-07/nintendo-sony-develop-live-action-zelda-film-with-maze-runner-director-wes-ball/.204220,https://www.animenewsnetwork.com/thumbnails/crop600x315gQF/cms/news.6/194663/zelda.jpg,2023-11-07T23:37:53Z,"Nintendo announced on Wednesday that it is developing a live-action film adaptation of The Legend of Zelda franchise, with Sony co-financing. Maze Runner director Wes Ball is attached to helm the pro… [+1858 chars]"
"{'id': None, 'name': 'IndieWire'}",Wilson Chapman,Mattel’s Notes for Greta Gerwig and Noah Baumbach’s ‘Barbie’ Script Included Asking Why an Executive Got Shot,"“There was a note when we first turned the script [in],"" Baumbach said. ""On page 111: ‘Does a Mattel executive have to be shot?’ At the time we were like, that should just be on the ad!’""",https://www.indiewire.com/news/general-news/barbie-mattel-script-notes-executive-getting-shot-1234923259/,https://www.indiewire.com/wp-content/uploads/2023/07/rev-1-BARBIE-TP-0003_High_Res_JPEG.jpeg,2023-11-04T19:57:12Z,Greta Gerwig and Noah Baumbach got away with a lot of bite-the-hand humor towards Mattel in their script for the blockbuster “Barbie” film. But the company still had a lot of questions about the scri… [+2582 chars]
"{'id': None, 'name': 'Evoluted.net'}",,How to Nail Your Reactive Digital PR Stories,Looking to enhance your reactive digital PR storytelling? Learn proven techniques to craft compelling narratives that resonate with your audience and leave a lasting impact.,https://www.evoluted.net/blog/marketing/how-to-nail-your-reactive-stories,https://www.evoluted.net/assets/shutterstock_1562999890-(1)-(1).jpg,2023-11-04T01:39:55Z,"While bigger, hero digital PR campaigns will likely always have a place in your strategy, smaller, reactive efforts will help you gain consistent and relevant coverage and links throughout the year.… [+13284 chars]"
"{'id': None, 'name': 'TODAY'}",Samantha Kubota,'SNL' shows how the 'I'm Just Pete' music video came together in 12 hours,"""Saturday Night Live"" shared a new video explaining how the ""I'm Just Pete"" digital short happened in just a few days.",https://www.today.com/popculture/tv/snl-im-just-pete-davidson-video-behind-the-scenes-rcna123441,"https://media-cldnry.s-nbcnews.com/image/upload/t_social_share_1200x630_center,f_auto,q_auto:best/rockcms/2023-10/pete-davidson-im-just-pete-me0231015-14cca0.png",2023-11-03T01:46:28Z,"Hi, Barbie! Hi, Pete! 
NBC's ""Saturday Night Live"" is taking a look back at how one of the most popular and now-viral sketches of this season came to be.
The ""I'm Just Pete"" digital short which air… [+2461 chars]"
"{'id': None, 'name': 'ComingSoon.net'}",Anthony Nash,I Am Kenough Ken Doll Inspired by Barbie Movie Up for Preorder,"Mattel is giving fans the chance to grab another piece from the recently released Barbie film, offering up a special Ken doll wearing the now iconic “I Am Kenough” hoodie from the film. The toy comes from Mattel Creations, and is available for preorder now fo…",https://www.comingsoon.net/toys/news/1383298-i-am-kenough-ken-doll-inspired-by-barbie-movie-up-for-preorder,"https://www.comingsoon.net/wp-content/uploads/sites/3/2023/10/ken-doll-i-am-kenough.png?resize=1200,630",2023-10-30T22:00:48Z,"Mattel is giving fans the chance to grab another piece from the recently released Barbie film, offering up a special Ken doll wearing the now iconic I Am Kenough hoodie from the film.
The toy comes … [+1579 chars]"
"{'id': None, 'name': 'PEOPLE'}",Escher Walcott,Greta Gerwig Says Sylvester Stallone Inspired Ken in Barbie Movie,Greta Gerwig said that Sylvester Stallone inspired Ken in the 'Barbie' movie at a panel at the 'Barbie' special screening in West Hollywood on Friday.,https://people.com/greta-gerwig-says-sylvester-stallone-inspired-ken-in-barbie-movie-ryan-gosling-loves-him-8384260,https://people.com/thmb/A7F42Ia-R0CPrDw97A-VcFkmvJw=/1500x0/filters:no_upscale():max_bytes(150000):strip_icc():focal(742x92:744x94)/Greta-Gerwig-Says-Sylvester-Stallone-Inspired-Ken-in-Barbie-Movie-103023-1-509f080df6124925ad8a689fc07cafd3.jpg,2023-10-30T15:39:27Z,"Greta Gerwig has named Sylvester Stallone as the surprising inspiration behind Ken in the Barbie movie. 
Speaking on a panel after a special screening of Barbie at the Directors Guild of America The… [+2707 chars]"
"{'id': 'bild', 'name': 'Bild'}",Majena von cappeln,DER Kino-Hit des Jahres - Kommt „Barbie 2“? Margot Robbie verrät’s!,DER Kino-Hit des Jahres! Im Sommer eroberten Margot Robbie (33) und Ryan Gosling (43) als „Barbie“ und „Ken“ die Kinos. Wird es eine Fortsetzung geben?,https://www.bild.de/unterhaltung/leute/leute/margot-robbie-verraets-kommt-ein-zweiter-teil-von-barbie-86222802.bild.html,"https://images.bild.de/6562fcf1b93a522f7677337b/2147cd85bfb5b273f070c051ca0a915f,ed6d4cf1?w=1280",2023-11-26T11:43:12Z,"Es war DER Kino-Hit des Jahres!
Im Sommer eroberten Margot Robbie (33) und Ryan Gosling (43) als Barbie und Ken die Kinos. Der Film Barbie spielte mehr als 1,2 Milliarden Dollar ein und ist damit ei… [+1516 chars]"
"{'id': None, 'name': 'Androidworld.nl'}",,De meest besproken film van het jaar is nu te huur op Pathé Thuis: Barbie (adv),"Een feministisch manifest in een suikerzoet jasje: zo kun je de Barbie-film wel noemen. Barbie melk zien ‘drinken’ is hilarisch, haar constant iedereen gedag horen zeggen ook, maar ondanks de gigantische lading humor die op je afkomt, zit er ook een boodschap…",https://androidworld.nl/advertorial/de-meest-besproken-film-van-het-jaar-is-nu-te-huur-op-pathe-thuis-barbie-adv,https://r.testifier.nl/Acbs8526SDKI/resizing_type:fill/width:1200/height:675/plain/https%3A%2F%2Fs3-newsifier.ams3.digitaloceanspaces.com%2Fandroidworld.nl%2Fimages%2F2023-11%2Fbarbie-655db6071fecb.jpg,2023-11-22T08:30:00Z,"Een feministisch manifest in een suikerzoet jasje: zo kun je de Barbie-film wel noemen. Barbie melk zien drinken is hilarisch, haar constant iedereen gedag horen zeggen ook, maar ondanks de gigantisc… [+1830 chars]"
"{'id': None, 'name': 'Footwear News'}",Aaron Roycehttps://aaronjdroyce.journoportfolio.com/,Taylor Swift Does Viral ‘Barbie’ Walk For ‘Eras Tour’ After Her Louboutin Heels Break Onstage,The musician's bejeweled heel — and its red sole — were caught by a lucky fan in Brazil.,http://footwearnews.com/entertainment-news/culture/taylor-swift-eras-tour-louboutin-boots-broken-high-heels-1203558292/,https://footwearnews.com/wp-content/uploads/2023/11/taylor-swift-eras-tour-boots.jpg,2023-11-21T20:30:25Z,"Taylor Swift‘s latest “Eras Tour” stop has included a viral wardrobe malfunction — with a glamorous shoe choice, to boot.
On Monday, Swift performed during her tour’s Rio de Janeiro, Brazil stops at… [+1994 chars]"
"{'id': None, 'name': 'Www.hln.be'}",STB,De kapotte laars van Taylor Swift zorgt al meteen voor een nieuwe bijnaam: “Levende Barbie”,"Taylor Swift (33) laat zich door niets weerhouden tijdens haar concerten, zelfs niet door een kapotte schoen. De hak van haar glinsterende laars brak af, maar de popster deed alsof er niets was gebeurd. “Ze stond op haar tenen en ging gewoon door"", klinkt het…",https://www.hln.be/celebrities/de-kapotte-laars-van-taylor-swift-zorgt-al-meteen-voor-een-nieuwe-bijnaam-levende-barbie~a097b3f1/,https://images0.persgroep.net/rcs/sehPf27YY2q3NfRylYGnws9Ns7w/diocontent/237830279/_fill/1200/630/?appId=21791a8992982cd8da851550a453bd7f&quality=0.7,2023-11-21T08:27:10Z,"Op dit moment reist Taylor Swift door Zuid-Amerika met haar Eras Tour. Tijdens haar concert op maandagavond brak de hak van haar schoen af. Terwijl ze tijdens de show kort pauzeerde voor applaus, ben… [+875 chars]"
"{'id': None, 'name': 'Www.hln.be'}",IV,"Margot Robbie is duidelijk: ""Enkel regisseur Greta Gerwig beslist over vervolg op 'Barbie’”","Margot Robbie (33) zegt dat het van regisseur Greta Gerwig (40) afhangt of er in de toekomst een tweede ‘Barbie’-film komt. Dat zegt de actrice, die de bekende pop speelde in de kaskraker van dit jaar, tegen E! News.",https://www.hln.be/film/margot-robbie-is-duidelijk-enkel-regisseur-greta-gerwig-beslist-over-vervolg-op-barbie~a6ab66aa/,https://images0.persgroep.net/rcs/WlfO_fT07y3oDDpWeYG-fWYlBMY/diocontent/237748211/_fill/1200/630/?appId=21791a8992982cd8da851550a453bd7f&quality=0.7,2023-11-18T11:01:10Z,"Al sinds de eerste Barbie-film op het witte doek te zien is, doen er geruchten de ronde over een mogelijke tweede film. Margot Robbie blijft echter sceptisch in een nieuw interview. Ik weet het niet.… [+1155 chars]"
"{'id': None, 'name': 'Footwear News'}",Amina Ayoud,"Variety’s Power of Women 2023: Dua Lipa in Vivienne Westwood Heels, Emily Blunt in Jimmy Choos, Billie Eilish in Nike Sneakers and More","The event saw the attendance of a variety of fashionably dressed stars, including the likes of Emily Blunt, Meghan Markle, Billie Eilish, Carey Mulligan, Addison Rae, Garcelle Beauvais, Dua Lipa, Margot Robbie, Jasmin Savoy Brown and Tia Mowry among others.",http://footwearnews.com/fashion/celebrity-style/varietys-power-of-women-2023-shoes-1203556594/,https://footwearnews.com/wp-content/uploads/2023/11/Varietys-Power-Of-Women-2023-one.jpg,2023-11-17T16:12:58Z,"Variety’s Power of Women 2023 event was held at Mother Wolf on Thursday in Los Angeles. The annual occasion highlights notable women and their accomplishments in the music, film and fashion industrie… [+7354 chars]"
"{'id': None, 'name': 'Inside the Magic'}",Alessia Dunn,"Disney Fires Ryan Gosling From Series, Left Alone at Disney World","While Ryan Gosling may be a mega Hollywood icon, most recently known for his role of Ken in the Barbie film, his roots began with Disney, and he was not always the leading man that he has crafted his career around. In the end, it appears that he has a lot to …",https://insidethemagic.net/2023/11/disney-fires-ryan-gosling-left-disney-world-ad1/,https://insidethemagic.net/wp-content/uploads/2023/01/Ryan-Gosling-2.jpg,2023-11-14T16:39:04Z,"While Ryan Gosling may be a mega Hollywood icon, most recently known for his role of Ken in the Barbie film, his roots began with Disney, and he was not always the leading man that he has crafted his… [+6040 chars]"
"{'id': 'marca', 'name': 'Marca'}",marca.com,Ryan Gosling's Barbie song 'I'm just Ken' nominated for a Grammy Award,"The &apos;Barbie&apos; film, directed by Greta Gerwig and featuring standout performances by Margot Robbie as Barbie and Ryan Gosling as Ken, has become a global phenomenon. 

Gosl",https://www.marca.com/en/lifestyle/movies/2023/11/13/655234f0ca4741bd358b45b3.html,https://phantom-marca.unidadeditorial.es/396d9e08a2c39ae3284dda8dc007007c/resize/1200/f/webp/assets/multimedia/imagenes/2023/11/13/16998753670131.jpg,2023-11-13T16:14:48Z,"The 'Barbie' film, directed by Greta Gerwig and featuring standout performances by Margot Robbie as Barbie and Ryan Gosling as Ken, has become a global phenomenon. 
Gosling's birthday performance in… [+966 chars]"
"{'id': None, 'name': 'Hurriyet Daily News'}",hurriyetdailynews.com,Women dominate music's Grammy nominations,"Pop's superstar women including Taylor Swift and Billie Eilish dominated the nominations for the 66th annual Grammy Awards, the music world's top prizes, as SZA scooped the most chances at gold with nine.",https://www.hurriyetdailynews.com/women-dominate-musics-grammy-nominations-187782,https://image.hurimg.com/i/hurriyet/75/200x200/6550bece4e3fe02f9432df7c.jpg,2023-11-13T04:00:00Z,"LOS ANGELES
Pop's superstar women including Taylor Swift and Billie Eilish dominated the nominations for the 66th annual Grammy Awards, the music world's top prizes, as SZA scooped the most chances … [+4020 chars]"
"{'id': None, 'name': 'Www.hln.be'}",IB,Door Ryan Gosling gespeelde Ken wordt Barbiepop,Barbieliefhebbers kunnen binnenkort de Ken die Ryan Gosling in de ‘Barbie’-film speelt in handen krijgen. Speelgoedfabrikant Mattel onthulde maandag namelijk hun nieuwe Ken-pop: de Kenough Doll.,https://www.hln.be/film/door-ryan-gosling-gespeelde-ken-wordt-barbiepop~a502ab66/,https://images0.persgroep.net/rcs/Ouj4ZFhkCVYKi3rU2A_9vDpJksQ/diocontent/233505971/_fill/1200/630/?appId=21791a8992982cd8da851550a453bd7f&quality=0.7,2023-10-31T01:49:46Z,"Hij mag dan wel #Kenough zijn, maar we wedden dat je geen genoeg van hem kunt krijgen, schreef het bedrijf op Instagram, bij fotos waarop de pop dezelfde kleding en accessoires draagt als de Ken die … [+869 chars]"
"{'id': None, 'name': 'Www.hln.be'}",IB,Door Ryan Gosling gespeelde Ken krijgt ook eigen Barbiepop,Barbieliefhebbers kunnen binnenkort de Ken die Ryan Gosling in de ‘Barbie’-film speelt in handen krijgen. Speelgoedfabrikant Mattel onthulde maandag namelijk hun nieuwe Ken-pop: de Kenough Doll.,https://www.hln.be/film/door-ryan-gosling-gespeelde-ken-krijgt-ook-eigen-barbiepop~a502ab66/,https://images0.persgroep.net/rcs/L_qhyD4ZP5heQ4JZRHQc7979-bs/diocontent/233614068/_fill/1200/630/?appId=21791a8992982cd8da851550a453bd7f&quality=0.7,2023-10-31T01:49:46Z,"Hij mag dan wel #Kenough zijn, maar we wedden dat je geen genoeg van hem kunt krijgen, schreef het bedrijf op Instagram, bij fotos waarop de pop dezelfde kleding en accessoires draagt als de Ken die … [+869 chars]"
"{'id': None, 'name': 'Vanity Fair'}",Chris Murphy,Noah Baumbach Thought 'Barbie' Was a “Terrible Idea” at First,"In conversation with Judd Apatow, Baumbach opened up about his initial misgivings about co-writing the 'Barbie' movie: “You have to get us out of this.”",https://www.vanityfair.com/hollywood/2023/10/noah-baumbach-thought-barbie-was-a-terrible-idea-at-first,"https://media.vanityfair.com/photos/653fe4853b110f6e604a3200/16:9/w_1280,c_limit/1696523251",2023-10-30T17:19:31Z,"Although he co-wrote Barbie with his partner, Greta Gerwig, Noah Baumbach wasn't always confident that the film was going to make a billion at the box office. At a recent sold-out Barbie screening, B… [+3597 chars]"
